episode,score
0,0.04113194754098361
1,0.04313194754098361
2,0.04313194754098361
3,0.04475489836065574
4,0.04244342295081967
5,0.04313194754098361
6,0.04113194754098361
7,0.04244342295081967
8,0.04444342295081967
9,0.04244342295081967
10,0.045754898360655744
11,0.04344342295081967
12,0.04444342295081967
13,0.04475489836065574
14,0.04375489836065574
15,0.045754898360655744
16,0.04313194754098361
17,0.04475489836065574
18,0.04213194754098361
19,0.04375489836065574
